Cost Code Tier 1,Cost Code Tier 2,Cost Type,Budget Code,Budget Code Description,C - Contract Budget,D - Approved Change Orders,E - Current Contract Budget,Approved Budget Changes,F - Pending Change Orders,G - Pending Contract Budget (E+F),H - Previously Billed,I - Current Pay App,J - Total Billed to Date,% Billed to Date,K - Current Contract Balance (E-J),L - Pending Contract Balance (G-J),M - Direct Cost,N - Committed Costs,Commitments Invoiced,Commited Balance,O - Non Commit Balance (G-(M+N)),P - Forecast to Complete,Q - Proj Cost @ Complete (J+P),(Over) / Under Budget (G-Q)
None,None,None,"","",0.0,0.0,0.0,0.0,0.0,0.0,0.0,0.0,0.0,,0.0,0.0,0.0,0.0,0.0,0.0,0.0,0.0,0.0,0.0
01 - Division 01,01-310 - Project Management,L - Labor,01-310.L,Project Management.Labor,298770.0,23213.1,321983.1,0.0,21950.8,343933.9,147601.25,12943.75,160545.0,49.86,161438.1,183388.9,160545.0,0.0,0.0,0.0,183388.9,217500.0,378045.0,-34111.1
01 - Division 01,01-320 - Field Supervision,L - Labor,01-320.L,Field Supervision.Labor,617458.0,23023.74,640481.74,0.0,42698.32,683180.06,232287.5,21750.0,254037.5,39.66,386444.24,429142.56,254037.5,0.0,0.0,0.0,429142.56,251000.0,505037.5,178142.56
01 - Division 01,01-330 - Project Administration,L - Labor,01-330.L,Project Administration.Labor,75688.4,2270.64,77959.04,0.0,5307.52,83266.56,1995.0,5581.25,7576.25,9.72,70382.79,75690.31,7576.25,0.0,0.0,0.0,75690.31,75690.31,83266.56,0.0
01 - Division 01,01-340 - Permits,O - Other,01-340.O,Permits.Other,0.0,0.0,0.0,0.0,0.0,0.0,0.0,0.0,0.0,,0.0,0.0,0.0,0.0,0.0,0.0,0.0,0.0,0.0,0.0
01 - Division 01,01-420 - Cost Estimating,L - Labor,01-420.L,Cost Estimating.Labor,0.0,0.0,0.0,0.0,10000.0,10000.0,0.0,0.0,0.0,,0.0,10000.0,0.0,0.0,0.0,0.0,10000.0,10000.0,10000.0,0.0
01 - Division 01,01-522 - Portable Toilets,M - Material,01-522.M,Portable Toilets.Material,13800.0,0.0,0.0,-13800.0,0.0,0.0,0.0,0.0,0.0,,0.0,0.0,0.0,0.0,0.0,0.0,0.0,0.0,0.0,0.0
01 - Division 01,01-522 - Portable Toilets,O - Other,01-522.O,Portable Toilets.Other,0.0,414.24,14214.24,13800.0,552.32,14766.56,8619.65,707.77,9327.42,65.62,4886.82,5439.14,9327.42,0.0,0.0,0.0,5439.14,12928.44,22255.86,-7489.3
01 - Division 01,01-540 - Temporary Staging/Scaffol,L - Labor,01-540.L,Temporary Staging/Scaffol.Labor,0.0,0.0,0.0,0.0,0.0,0.0,640.0,0.0,640.0,,-640.0,-640.0,640.0,0.0,0.0,0.0,-640.0,0.0,640.0,-640.0
01 - Division 01,01-540 - Temporary Staging/Scaffol,S - Subcontracts,01-540.S,Temporary Staging/Scaffol.Subcontracts,36698.0,10425.0,47123.0,0.0,0.0,47123.0,18803.23,582.0,19385.23,41.14,27737.77,27737.77,0.0,28671.0,19385.23,9285.77,18452.0,27737.77,47123.0,0.0
01 - Division 01,01-710 - Mobilization/De-mobilizat,L - Labor,01-710.L,Mobilization/De-mobilizat.Labor,4560.0,0.0,4560.0,0.0,0.0,4560.0,2002.5,0.0,2002.5,43.91,2557.5,2557.5,2002.5,0.0,0.0,0.0,2557.5,2557.5,4560.0,0.0
01 - Division 01,01-710 - Mobilization/De-mobilizat,M - Material,01-710.M,Mobilization/De-mobilizat.Material,1200.0,0.0,1200.0,0.0,0.0,1200.0,0.0,0.0,0.0,0.0,1200.0,1200.0,0.0,0.0,0.0,0.0,1200.0,1200.0,1200.0,0.0
01 - Division 01,01-730 - Equipment Rental,O - Other,01-730.O,Equipment Rental.Other,0.0,0.0,13800.0,13800.0,0.0,13800.0,10105.9,986.73,11092.63,80.38,2707.37,2707.37,11092.63,0.0,0.0,0.0,2707.37,2707.37,13800.0,0.0
01 - Division 01,01-730 - Equipment Rental,S - Subcontracts,01-730.S,Equipment Rental.Subcontracts,13800.0,0.0,0.0,-13800.0,0.0,0.0,0.0,0.0,0.0,,0.0,0.0,0.0,0.0,0.0,0.0,0.0,0.0,0.0,0.0
01 - Division 01,01-735 - Expendable Tools/Supplies,M - Material,01-735.M,Expendable Tools/Supplies.Material,17250.0,0.0,17250.0,0.0,0.0,17250.0,12051.89,1207.55,13259.44,76.87,3990.56,3990.56,13259.44,0.0,0.0,0.0,3990.56,3990.56,17250.0,0.0
01 - Division 01,01-735 - Expendable Tools/Supplies,O - Other,01-735.O,Expendable Tools/Supplies.Other,0.0,0.0,0.0,0.0,0.0,0.0,1903.66,312.37,2216.03,,-2216.03,-2216.03,2216.03,0.0,0.0,0.0,-2216.03,0.0,2216.03,-2216.03
01 - Division 01,01-740 - Site Maintenance/Cleaning,L - Labor,01-740.L,Site Maintenance/Cleaning.Labor,83655.6,2509.77,86165.37,0.0,3346.36,89511.73,28800.0,2560.0,31360.0,36.4,54805.37,58151.73,31360.0,0.0,0.0,0.0,58151.73,58151.73,89511.73,0.0
01 - Division 01,01-750 - Site Labor,L - Labor,01-750.L,Site Labor.Labor,139426.0,17142.78,156568.78,0.0,6857.04,163425.82,36920.0,3840.0,40760.0,26.03,115808.78,122665.82,40760.0,0.0,0.0,0.0,122665.82,122665.82,163425.82,0.0
01 - Division 01,01-750 - Site Labor,M - Material,01-750.M,Site Labor.Material,0.0,3100.0,3100.0,0.0,850.0,3950.0,1188.36,0.0,1188.36,38.33,1911.64,2761.64,1188.36,0.0,0.0,0.0,2761.64,2761.64,3950.0,0.0
01 - Division 01,01-760 - Site/Finish Protection,L - Labor,01-760.L,Site/Finish Protection.Labor,83655.6,5709.77,89365.37,0.0,3346.36,92711.73,49860.0,9600.0,59460.0,66.54,29905.37,33251.73,59460.0,0.0,0.0,0.0,33251.73,33251.73,92711.73,0.0
01 - Division 01,01-760 - Site/Finish Protection,M - Material,01-760.M,Site/Finish Protection.Material,17428.25,3922.84,21351.09,0.0,697.12,22048.21,4131.61,550.87,4682.48,21.93,16668.61,17365.73,4682.48,0.0,0.0,0.0,17365.73,17365.73,22048.21,0.0
01 - Division 01,01-770 - Final Cleaning,S - Subcontracts,01-770.S,Final Cleaning.Subcontracts,25000.0,0.0,25000.0,0.0,0.0,25000.0,0.0,0.0,0.0,0.0,25000.0,25000.0,0.0,13395.0,0.0,13395.0,11605.0,25000.0,25000.0,0.0
02 - Division 02,02-110 - Clearing/Grubbing,S - Subcontracts,02-110.S,Clearing/Grubbing.Subcontracts,3400.0,0.0,3400.0,0.0,0.0,3400.0,3060.0,0.0,3060.0,90.0,340.0,340.0,0.0,3060.0,3060.0,0.0,340.0,340.0,3400.0,0.0
02 - Division 02,02-260 - Util Serv/Trench/Backfill,L - Labor,02-260.L,Util Serv/Trench/Backfill.Labor,0.0,0.0,0.0,0.0,0.0,0.0,800.0,0.0,800.0,,-800.0,-800.0,800.0,0.0,0.0,0.0,-800.0,0.0,800.0,-800.0
02 - Division 02,02-260 - Util Serv/Trench/Backfill,O - Other,02-260.O,Util Serv/Trench/Backfill.Other,75000.0,-75000.0,0.0,0.0,0.0,0.0,0.0,0.0,0.0,,0.0,0.0,0.0,0.0,0.0,0.0,0.0,0.0,0.0,0.0
02 - Division 02,02-260 - Util Serv/Trench/Backfill,S - Subcontracts,02-260.S,Util Serv/Trench/Backfill.Subcontracts,6000.0,7400.0,13400.0,0.0,0.0,13400.0,24956.0,0.0,24956.0,186.24,-11556.0,-11556.0,0.0,43064.0,24956.0,18108.0,-29664.0,18108.0,43064.0,-29664.0
02 - Division 02,02-410 - Soft/Selective Demolition,L - Labor,02-410.L,Soft/Selective Demolition.Labor,10000.0,32960.0,53228.0,10268.0,1280.0,54508.0,54240.0,0.0,54240.0,101.9,-1012.0,268.0,54240.0,0.0,0.0,0.0,268.0,0.0,54240.0,268.0
02 - Division 02,02-410 - Soft/Selective Demolition,M - Material,02-410.M,Soft/Selective Demolition.Material,0.0,2490.0,2490.0,0.0,300.0,2790.0,1410.37,0.0,1410.37,56.64,1079.63,1379.63,1410.37,0.0,0.0,0.0,1379.63,67.63,1478.0,1312.0
02 - Division 02,02-410 - Soft/Selective Demolition,S - Subcontracts,02-410.S,Soft/Selective Demolition.Subcontracts,149750.0,12800.0,152282.0,-10268.0,0.0,152282.0,152282.0,0.0,152282.0,100.0,0.0,0.0,0.0,152282.0,152282.0,0.0,0.0,0.0,152282.0,0.0
02 - Division 02,02-420 - Hard Demolition,S - Subcontracts,02-420.S,Hard Demolition.Subcontracts,15000.0,0.0,15000.0,0.0,0.0,15000.0,15000.0,0.0,15000.0,100.0,0.0,0.0,0.0,15000.0,15000.0,0.0,0.0,0.0,15000.0,0.0
02 - Division 02,02-430 - Debris Box,O - Other,02-430.O,Debris Box.Other,0.0,0.0,19550.0,19550.0,0.0,19550.0,18150.0,3250.0,21400.0,109.46,-1850.0,-1850.0,21400.0,0.0,0.0,0.0,-1850.0,25410.0,46810.0,-27260.0
02 - Division 02,02-430 - Debris Box,S - Subcontracts,02-430.S,Debris Box.Subcontracts,19550.0,0.0,0.0,-19550.0,0.0,0.0,0.0,0.0,0.0,,0.0,0.0,0.0,0.0,0.0,0.0,0.0,0.0,0.0,0.0
02 - Division 02,02-520 - Surface Drainage,S - Subcontracts,02-520.S,Surface Drainage.Subcontracts,5100.0,0.0,5100.0,0.0,0.0,5100.0,0.0,0.0,0.0,0.0,5100.0,5100.0,0.0,0.0,0.0,0.0,5100.0,5100.0,5100.0,0.0
02 - Division 02,02-710 - Building Shoring,L - Labor,02-710.L,Building Shoring.Labor,6000.0,0.0,8160.0,2160.0,0.0,8160.0,8160.0,0.0,8160.0,100.0,0.0,0.0,8160.0,0.0,0.0,0.0,0.0,0.0,8160.0,0.0
02 - Division 02,02-710 - Building Shoring,O - Other,02-710.O,Building Shoring.Other,0.0,0.0,9800.0,9800.0,0.0,9800.0,9800.0,0.0,9800.0,100.0,0.0,0.0,9800.0,0.0,0.0,0.0,0.0,0.0,9800.0,0.0
02 - Division 02,02-710 - Building Shoring,S - Subcontracts,02-710.S,Building Shoring.Subcontracts,40000.0,0.0,28040.0,-11960.0,0.0,28040.0,0.0,0.0,0.0,0.0,28040.0,28040.0,0.0,0.0,0.0,0.0,28040.0,0.0,0.0,28040.0
02 - Division 02,02-820 - Asbestos / Lead,S - Subcontracts,02-820.S,Asbestos / Lead.Subcontracts,7500.0,1300.0,8800.0,0.0,0.0,8800.0,8800.0,0.0,8800.0,100.0,0.0,0.0,0.0,8800.0,8800.0,0.0,0.0,0.0,8800.0,0.0
02 - Division 02,02-910 - Fences / Gates,S - Subcontracts,02-910.S,Fences / Gates.Subcontracts,47020.0,44440.0,91460.0,0.0,0.0,91460.0,0.0,0.0,0.0,0.0,91460.0,91460.0,0.0,47020.0,0.0,47020.0,44440.0,91460.0,91460.0,0.0
02 - Division 02,02-930 - Curbs/Gutters/Street Work,S - Subcontracts,02-930.S,Curbs/Gutters/Street Work.Subcontracts,15000.0,15100.0,30100.0,0.0,0.0,30100.0,0.0,0.0,0.0,0.0,30100.0,30100.0,0.0,12700.0,0.0,12700.0,17400.0,30100.0,30100.0,0.0
02 - Division 02,02-940 - Softscape,S - Subcontracts,02-940.S,Softscape.Subcontracts,26450.0,0.0,26450.0,0.0,0.0,26450.0,0.0,0.0,0.0,0.0,26450.0,26450.0,0.0,24400.0,0.0,24400.0,2050.0,26450.0,26450.0,0.0
02 - Division 02,02-980 - Irrigation,L - Labor,02-980.L,Irrigation.Labor,800.0,0.0,800.0,0.0,0.0,800.0,0.0,0.0,0.0,0.0,800.0,800.0,0.0,0.0,0.0,0.0,800.0,800.0,800.0,0.0
02 - Division 02,02-980 - Irrigation,S - Subcontracts,02-980.S,Irrigation.Subcontracts,13980.0,-3315.0,10665.0,0.0,0.0,10665.0,0.0,0.0,0.0,0.0,10665.0,10665.0,-15182.4,30458.0,15182.4,15275.6,-4610.6,30458.0,30458.0,-19793.0
02 - Division 02,02-990 - Planting,L - Labor,02-990.L,Planting.Labor,3600.0,0.0,3600.0,0.0,0.0,3600.0,0.0,0.0,0.0,0.0,3600.0,3600.0,0.0,0.0,0.0,0.0,3600.0,3600.0,3600.0,0.0
02 - Division 02,02-990 - Planting,S - Subcontracts,02-990.S,Planting.Subcontracts,88690.0,-5690.0,83000.0,0.0,0.0,83000.0,0.0,0.0,0.0,0.0,83000.0,83000.0,0.0,79480.0,0.0,79480.0,3520.0,83000.0,83000.0,0.0
03 - Division 03,03-310 - Structural Concrete,L - Labor,03-310.L,Structural Concrete.Labor,12000.0,3400.0,15400.0,0.0,0.0,15400.0,14000.0,0.0,14000.0,90.91,1400.0,1400.0,14000.0,0.0,0.0,0.0,1400.0,1400.0,15400.0,0.0
03 - Division 03,03-310 - Structural Concrete,M - Material,03-310.M,Structural Concrete.Material,0.0,1300.0,1300.0,0.0,0.0,1300.0,0.0,0.0,0.0,0.0,1300.0,1300.0,0.0,0.0,0.0,0.0,1300.0,1300.0,1300.0,0.0
03 - Division 03,03-310 - Structural Concrete,S - Subcontracts,03-310.S,Structural Concrete.Subcontracts,341200.0,74700.0,415900.0,0.0,0.0,415900.0,390114.0,0.0,390114.0,93.8,25786.0,25786.0,0.0,410214.0,390114.0,20100.0,5686.0,25786.0,415900.0,0.0
03 - Division 03,03-370 - Grout,L - Labor,03-370.L,Grout.Labor,1680.0,0.0,1680.0,0.0,0.0,1680.0,0.0,320.0,320.0,19.05,1360.0,1360.0,320.0,0.0,0.0,0.0,1360.0,1360.0,1680.0,0.0
03 - Division 03,03-370 - Grout,M - Material,03-370.M,Grout.Material,500.0,0.0,500.0,0.0,0.0,500.0,230.79,24.65,255.44,51.09,244.56,244.56,255.44,0.0,0.0,0.0,244.56,244.56,500.0,0.0
03 - Division 03,03-510 - Gypcrete,S - Subcontracts,03-510.S,Gypcrete.Subcontracts,8045.0,7798.0,15843.0,0.0,0.0,15843.0,0.0,0.0,0.0,0.0,15843.0,15843.0,0.0,15843.0,0.0,15843.0,0.0,15843.0,15843.0,0.0
03 - Division 03,03-810 - Concrete Cutting,S - Subcontracts,03-810.S,Concrete Cutting.Subcontracts,8000.0,0.0,8000.0,0.0,0.0,8000.0,4546.0,0.0,4546.0,56.83,3454.0,3454.0,0.0,4546.0,4546.0,0.0,3454.0,3454.0,8000.0,0.0
04 - Division 04,04-240 - Stone Pavers,L - Labor,04-240.L,Stone Pavers.Labor,8200.0,0.0,0.0,-8200.0,0.0,0.0,0.0,0.0,0.0,,0.0,0.0,0.0,0.0,0.0,0.0,0.0,0.0,0.0,0.0
04 - Division 04,04-240 - Stone Pavers,M - Material,04-240.M,Stone Pavers.Material,14700.0,0.0,0.0,-14700.0,0.0,0.0,0.0,0.0,0.0,,0.0,0.0,0.0,0.0,0.0,0.0,0.0,0.0,0.0,0.0
04 - Division 04,04-240 - Stone Pavers,S - Subcontracts,04-240.S,Stone Pavers.Subcontracts,95450.0,8065.0,126415.0,22900.0,0.0,126415.0,0.0,37692.0,37692.0,29.82,88723.0,88723.0,0.0,133700.0,37692.0,96008.0,-7285.0,96008.0,133700.0,-7285.0
05 - Division 05,05-120 - Structural Steel,L - Labor,05-120.L,Structural Steel.Labor,8000.0,0.0,8000.0,0.0,0.0,8000.0,8000.0,0.0,8000.0,100.0,0.0,0.0,8000.0,0.0,0.0,0.0,0.0,0.0,8000.0,0.0
05 - Division 05,05-120 - Structural Steel,S - Subcontracts,05-120.S,Structural Steel.Subcontracts,447299.0,19041.0,466340.0,0.0,0.0,466340.0,463319.0,0.0,463319.0,99.35,3021.0,3021.0,0.0,474110.0,463319.0,10791.0,-7770.0,10791.0,474110.0,-7770.0
05 - Division 05,05-160 - Misc Strctral Fabrication,L - Labor,05-160.L,Misc Strctral Fabrication.Labor,9000.0,0.0,9000.0,0.0,0.0,9000.0,800.0,0.0,800.0,8.89,8200.0,8200.0,800.0,0.0,0.0,0.0,8200.0,8200.0,9000.0,0.0
05 - Division 05,05-160 - Misc Strctral Fabrication,M - Material,05-160.M,Misc Strctral Fabrication.Material,14500.0,0.0,14500.0,0.0,0.0,14500.0,0.0,0.0,0.0,0.0,14500.0,14500.0,0.0,0.0,0.0,0.0,14500.0,14500.0,14500.0,0.0
05 - Division 05,05-740 - Misc Decorative Metals,L - Labor,05-740.L,Misc Decorative Metals.Labor,14400.0,0.0,14400.0,0.0,0.0,14400.0,0.0,0.0,0.0,0.0,14400.0,14400.0,0.0,0.0,0.0,0.0,14400.0,14400.0,14400.0,0.0
05 - Division 05,05-740 - Misc Decorative Metals,S - Subcontracts,05-740.S,Misc Decorative Metals.Subcontracts,726278.0,-24780.0,701498.0,0.0,13549.0,715047.0,116071.65,27959.0,144030.65,20.53,557467.35,571016.35,0.0,754351.0,144030.65,610320.35,-39304.0,571016.35,715047.0,0.0
06 - Division 06,06-110 - Framing,L - Labor,06-110.L,Framing.Labor,18000.0,106640.0,583040.0,458400.0,5760.0,588800.0,510590.0,60700.0,571290.0,97.98,11750.0,17510.0,571290.0,0.0,0.0,0.0,17510.0,17510.0,588800.0,0.0
06 - Division 06,06-110 - Framing,M - Material,06-110.M,Framing.Material,244271.0,44750.0,289021.0,0.0,3500.0,292521.0,196576.9,17211.29,213788.19,73.97,75232.81,78732.81,213788.19,0.0,0.0,0.0,78732.81,78732.81,292521.0,0.0
06 - Division 06,06-110 - Framing,S - Subcontracts,06-110.S,Framing.Subcontracts,458400.0,0.0,0.0,-458400.0,0.0,0.0,23498.0,14098.8,37596.8,,-37596.8,-37596.8,0.0,46996.0,37596.8,9399.2,-46996.0,9399.0,46995.8,-46995.8
06 - Division 06,06-115 - Material Handling,L - Labor,06-115.L,Material Handling.Labor,55770.4,4000.0,59770.4,0.0,1280.0,61050.4,30715.0,2460.0,33175.0,55.5,26595.4,27875.4,33175.0,0.0,0.0,0.0,27875.4,27875.4,61050.4,0.0
06 - Division 06,06-116 - Crane / Hoisting,S - Subcontracts,06-116.S,Crane / Hoisting.Subcontracts,56550.0,0.0,56550.0,0.0,0.0,56550.0,0.0,0.0,0.0,0.0,56550.0,56550.0,0.0,0.0,0.0,0.0,56550.0,56550.0,56550.0,0.0
06 - Division 06,06-120 - BIM MODELING,S - Subcontracts,06-120.S,BIM MODELING.Subcontracts,20000.0,0.0,20000.0,0.0,0.0,20000.0,1996.65,0.0,1996.65,9.98,18003.35,18003.35,0.0,13311.0,1996.65,11314.35,6689.0,18003.35,20000.0,0.0
06 - Division 06,06-210 - Baseboard / Shoe Moldings,L - Labor,06-210.L,Baseboard / Shoe Moldings.Labor,17400.0,0.0,17400.0,0.0,0.0,17400.0,0.0,0.0,0.0,0.0,17400.0,17400.0,0.0,0.0,0.0,0.0,17400.0,17400.0,17400.0,0.0
06 - Division 06,06-210 - Baseboard / Shoe Moldings,M - Material,06-210.M,Baseboard / Shoe Moldings.Material,1700.0,0.0,1700.0,0.0,0.0,1700.0,0.0,0.0,0.0,0.0,1700.0,1700.0,0.0,0.0,0.0,0.0,1700.0,1700.0,1700.0,0.0
06 - Division 06,06-250 - ChairRail/PicRail/Wainsct,L - Labor,06-250.L,ChairRail/PicRail/Wainsct.Labor,18000.0,0.0,18000.0,0.0,0.0,18000.0,0.0,0.0,0.0,0.0,18000.0,18000.0,0.0,0.0,0.0,0.0,18000.0,18000.0,18000.0,0.0
06 - Division 06,06-250 - ChairRail/PicRail/Wainsct,M - Material,06-250.M,ChairRail/PicRail/Wainsct.Material,7500.0,0.0,7500.0,0.0,0.0,7500.0,0.0,0.0,0.0,0.0,7500.0,7500.0,0.0,0.0,0.0,0.0,7500.0,7500.0,7500.0,0.0
06 - Division 06,06-270 - Misc Interior Trim,L - Labor,06-270.L,Misc Interior Trim.Labor,22000.0,0.0,22000.0,0.0,0.0,22000.0,12000.0,0.0,12000.0,54.55,10000.0,10000.0,12000.0,0.0,0.0,0.0,10000.0,10000.0,22000.0,0.0
06 - Division 06,06-270 - Misc Interior Trim,M - Material,06-270.M,Misc Interior Trim.Material,15000.0,0.0,15000.0,0.0,0.0,15000.0,0.0,0.0,0.0,0.0,15000.0,15000.0,0.0,0.0,0.0,0.0,15000.0,15000.0,15000.0,0.0
06 - Division 06,06-310 - Wood Siding,L - Labor,06-310.L,Wood Siding.Labor,46000.0,16160.0,62160.0,0.0,0.0,62160.0,16600.0,2560.0,19160.0,30.82,43000.0,43000.0,19160.0,0.0,0.0,0.0,43000.0,43000.0,62160.0,0.0
06 - Division 06,06-310 - Wood Siding,M - Material,06-310.M,Wood Siding.Material,25000.0,6900.0,31900.0,0.0,0.0,31900.0,8488.31,3517.19,12005.5,37.63,19894.5,19894.5,12005.5,0.0,0.0,0.0,19894.5,19894.5,31900.0,0.0
06 - Division 06,06-370 - Misc Exterior Trim,L - Labor,06-370.L,Misc Exterior Trim.Labor,22000.0,0.0,22000.0,0.0,0.0,22000.0,0.0,0.0,0.0,0.0,22000.0,22000.0,0.0,0.0,0.0,0.0,22000.0,22000.0,22000.0,0.0
06 - Division 06,06-370 - Misc Exterior Trim,M - Material,06-370.M,Misc Exterior Trim.Material,12500.0,0.0,12500.0,0.0,0.0,12500.0,1144.97,0.0,1144.97,9.16,11355.03,11355.03,1144.97,0.0,0.0,0.0,11355.03,11355.03,12500.0,0.0
06 - Division 06,06-410 - Casework,L - Labor,06-410.L,Casework.Labor,6000.0,10880.0,16880.0,0.0,0.0,16880.0,2800.0,0.0,2800.0,16.59,14080.0,14080.0,2800.0,0.0,0.0,0.0,14080.0,14080.0,16880.0,0.0
06 - Division 06,06-410 - Casework,M - Material,06-410.M,Casework.Material,1500.0,500.0,2000.0,0.0,0.0,2000.0,0.0,0.0,0.0,0.0,2000.0,2000.0,0.0,0.0,0.0,0.0,2000.0,2000.0,2000.0,0.0
06 - Division 06,06-410 - Casework,S - Subcontracts,06-410.S,Casework.Subcontracts,1581714.0,28266.0,1609980.0,0.0,31250.0,1641230.0,131199.95,0.0,131199.95,8.15,1478780.05,1510030.05,0.0,1593057.9,131199.95,1461857.95,48172.1,1510030.05,1641230.0,0.0
06 - Division 06,06-450 - Int Wood Stairs/Railings,L - Labor,06-450.L,Int Wood Stairs/Railings.Labor,7200.0,0.0,7200.0,0.0,0.0,7200.0,0.0,0.0,0.0,0.0,7200.0,7200.0,0.0,0.0,0.0,0.0,7200.0,7200.0,7200.0,0.0
06 - Division 06,06-450 - Int Wood Stairs/Railings,S - Subcontracts,06-450.S,Int Wood Stairs/Railings.Subcontracts,191500.0,0.0,191500.0,0.0,0.0,191500.0,94000.0,0.0,94000.0,49.09,97500.0,97500.0,0.0,154750.0,94000.0,60750.0,36750.0,97500.0,191500.0,0.0
06 - Division 06,06-475 - Mockups / Samples,L - Labor,06-475.L,Mockups / Samples.Labor,0.0,0.0,0.0,0.0,0.0,0.0,2560.0,2080.0,4640.0,,-4640.0,-4640.0,4640.0,0.0,0.0,0.0,-4640.0,0.0,4640.0,-4640.0
06 - Division 06,06-475 - Mockups / Samples,S - Subcontracts,06-475.S,Mockups / Samples.Subcontracts,25000.0,0.0,25000.0,0.0,1500.0,26500.0,7537.7,0.0,7537.7,30.15,17462.3,18962.3,0.0,16049.0,7537.7,8511.3,10451.0,18962.3,26500.0,0.0
07 - Division 07,07-110 - Foundation Waterproofing,L - Labor,07-110.L,Foundation Waterproofing.Labor,4000.0,0.0,4000.0,0.0,0.0,4000.0,6040.0,0.0,6040.0,151.0,-2040.0,-2040.0,6040.0,0.0,0.0,0.0,-2040.0,0.0,6040.0,-2040.0
07 - Division 07,07-110 - Foundation Waterproofing,S - Subcontracts,07-110.S,Foundation Waterproofing.Subcontracts,96855.0,10544.0,107399.0,0.0,0.0,107399.0,78904.2,0.0,78904.2,73.47,28494.8,28494.8,0.0,107399.0,78904.2,28494.8,0.0,28494.8,107399.0,0.0
07 - Division 07,07-140 - Fluid-Applied Waterprfng,L - Labor,07-140.L,Fluid-Applied Waterprfng.Labor,2000.0,8400.0,10400.0,0.0,0.0,10400.0,9060.0,4800.0,13860.0,133.27,-3460.0,-3460.0,13860.0,0.0,0.0,0.0,-3460.0,0.0,13860.0,-3460.0
07 - Division 07,07-140 - Fluid-Applied Waterprfng,M - Material,07-140.M,Fluid-Applied Waterprfng.Material,0.0,5900.0,5900.0,0.0,0.0,5900.0,4101.12,281.05,4382.17,74.27,1517.83,1517.83,4382.17,0.0,0.0,0.0,1517.83,1517.83,5900.0,0.0
07 - Division 07,07-140 - Fluid-Applied Waterprfng,S - Subcontracts,07-140.S,Fluid-Applied Waterprfng.Subcontracts,51736.0,6800.0,58536.0,0.0,0.0,58536.0,9196.4,0.0,9196.4,15.71,49339.6,49339.6,0.0,58536.0,9196.4,49339.6,0.0,49339.6,58536.0,0.0
07 - Division 07,07-220 - Batt / Blown Insulation,L - Labor,07-220.L,Batt / Blown Insulation.Labor,3884.44,0.0,3884.44,0.0,0.0,3884.44,600.0,0.0,600.0,15.45,3284.44,3284.44,600.0,0.0,0.0,0.0,3284.44,3284.44,3884.44,0.0
07 - Division 07,07-220 - Batt / Blown Insulation,S - Subcontracts,07-220.S,Batt / Blown Insulation.Subcontracts,23984.0,1917.0,25901.0,0.0,0.0,25901.0,0.0,0.0,0.0,0.0,25901.0,25901.0,0.0,22060.0,0.0,22060.0,3841.0,25901.0,25901.0,0.0
07 - Division 07,07-260 - Spray Foam Insulation,L - Labor,07-260.L,Spray Foam Insulation.Labor,0.0,0.0,0.0,0.0,0.0,0.0,3200.0,0.0,3200.0,,-3200.0,-3200.0,3200.0,0.0,0.0,0.0,-3200.0,0.0,3200.0,-3200.0
07 - Division 07,07-260 - Spray Foam Insulation,S - Subcontracts,07-260.S,Spray Foam Insulation.Subcontracts,70105.0,3960.0,74065.0,0.0,0.0,74065.0,24960.0,0.0,24960.0,33.7,49105.0,49105.0,0.0,64294.0,24960.0,39334.0,9771.0,49105.0,74065.0,0.0
07 - Division 07,07-320 - Composite Shingle,S - Subcontracts,07-320.S,Composite Shingle.Subcontracts,12330.0,0.0,12330.0,0.0,0.0,12330.0,9864.0,0.0,9864.0,80.0,2466.0,2466.0,0.0,12330.0,9864.0,2466.0,0.0,2466.0,12330.0,0.0
07 - Division 07,07-410 - Standing/FlatSeam Mtl Rf,S - Subcontracts,07-410.S,Standing/FlatSeam Mtl Rf.Subcontracts,31255.0,0.0,31255.0,0.0,0.0,31255.0,9377.0,0.0,9377.0,30.0,21878.0,21878.0,0.0,31255.0,9377.0,21878.0,0.0,21878.0,31255.0,0.0
07 - Division 07,07-510 - Built-Up Bituminous Roof,L - Labor,07-510.L,Built-Up Bituminous Roof.Labor,6000.0,0.0,6000.0,0.0,0.0,6000.0,400.0,0.0,400.0,6.67,5600.0,5600.0,400.0,0.0,0.0,0.0,5600.0,5600.0,6000.0,0.0
07 - Division 07,07-510 - Built-Up Bituminous Roof,S - Subcontracts,07-510.S,Built-Up Bituminous Roof.Subcontracts,71890.0,0.0,71890.0,0.0,0.0,71890.0,65694.0,0.0,65694.0,91.38,6196.0,6196.0,0.0,82117.0,65694.0,16423.0,-10227.0,6196.0,71890.0,0.0
07 - Division 07,07-590 - Gravel Ballast,S - Subcontracts,07-590.S,Gravel Ballast.Subcontracts,6326.0,2217.0,8543.0,0.0,0.0,8543.0,2563.0,0.0,2563.0,30.0,5980.0,5980.0,0.0,8543.0,2563.0,5980.0,0.0,5980.0,8543.0,0.0
07 - Division 07,07-620 - Sheet Metal Flashing/Trim,L - Labor,07-620.L,Sheet Metal Flashing/Trim.Labor,0.0,2560.0,2560.0,0.0,0.0,2560.0,3640.0,0.0,3640.0,142.19,-1080.0,-1080.0,3640.0,0.0,0.0,0.0,-1080.0,0.0,3640.0,-1080.0
07 - Division 07,07-620 - Sheet Metal Flashing/Trim,M - Material,07-620.M,Sheet Metal Flashing/Trim.Material,0.0,2800.0,2800.0,0.0,0.0,2800.0,83.57,0.0,83.57,2.98,2716.43,2716.43,83.57,0.0,0.0,0.0,2716.43,2716.43,2800.0,0.0
07 - Division 07,07-620 - Sheet Metal Flashing/Trim,S - Subcontracts,07-620.S,Sheet Metal Flashing/Trim.Subcontracts,25000.0,0.0,25000.0,0.0,0.0,25000.0,3318.05,0.0,3318.05,13.27,21681.95,21681.95,0.0,21927.0,3318.05,18608.95,3073.0,21681.95,25000.0,0.0
07 - Division 07,07-890 - Fire Caulking / Foam,S - Subcontracts,07-890.S,Fire Caulking / Foam.Subcontracts,7500.0,0.0,7500.0,0.0,0.0,7500.0,0.0,0.0,0.0,0.0,7500.0,7500.0,0.0,0.0,0.0,0.0,7500.0,7500.0,7500.0,0.0
07 - Division 07,07-920 - Joint Sealants,S - Subcontracts,07-920.S,Joint Sealants.Subcontracts,1500.0,0.0,1500.0,0.0,0.0,1500.0,0.0,0.0,0.0,0.0,1500.0,1500.0,0.0,0.0,0.0,0.0,1500.0,1500.0,1500.0,0.0
08 - Division 08,08-210 - Int Wood Doors & Frames,L - Labor,08-210.L,Int Wood Doors & Frames.Labor,10800.0,4400.0,15200.0,0.0,0.0,15200.0,0.0,0.0,0.0,0.0,15200.0,15200.0,0.0,0.0,0.0,0.0,15200.0,15200.0,15200.0,0.0
08 - Division 08,08-210 - Int Wood Doors & Frames,M - Material,08-210.M,Int Wood Doors & Frames.Material,3000.0,800.0,3800.0,0.0,0.0,3800.0,0.0,0.0,0.0,0.0,3800.0,3800.0,0.0,0.0,0.0,0.0,3800.0,3800.0,3800.0,0.0
08 - Division 08,08-210 - Int Wood Doors & Frames,S - Subcontracts,08-210.S,Int Wood Doors & Frames.Subcontracts,59936.58,13271.03,73207.61,0.0,0.0,73207.61,21293.22,0.0,21293.22,29.09,51914.39,51914.39,0.0,42586.43,21293.22,21293.21,30621.18,51914.39,73207.61,0.0
08 - Division 08,08-310 - Access Doors / Panels,L - Labor,08-310.L,Access Doors / Panels.Labor,4800.0,0.0,4800.0,0.0,0.0,4800.0,0.0,1600.0,1600.0,33.33,3200.0,3200.0,1600.0,0.0,0.0,0.0,3200.0,3200.0,4800.0,0.0
08 - Division 08,08-310 - Access Doors / Panels,M - Material,08-310.M,Access Doors / Panels.Material,9000.0,0.0,9000.0,0.0,0.0,9000.0,0.0,0.0,0.0,0.0,9000.0,9000.0,0.0,0.0,0.0,0.0,9000.0,9000.0,9000.0,0.0
08 - Division 08,"08-510 - Metal,Wood,Vinyl Wndw&Scr",L - Labor,08-510.L,"Metal,Wood,Vinyl Wndw&Scr.Labor",0.0,0.0,0.0,0.0,0.0,0.0,0.0,640.0,640.0,,-640.0,-640.0,640.0,0.0,0.0,0.0,-640.0,0.0,640.0,-640.0
08 - Division 08,"08-510 - Metal,Wood,Vinyl Wndw&Scr",S - Subcontracts,08-510.S,"Metal,Wood,Vinyl Wndw&Scr.Subcontracts",195908.0,0.0,195908.0,0.0,0.0,195908.0,147741.57,0.0,147741.57,75.41,48166.43,48166.43,0.0,194023.55,147741.57,46281.98,1884.45,48166.43,195908.0,0.0
08 - Division 08,08-530 - Window Installation,L - Labor,08-530.L,Window Installation.Labor,0.0,0.0,0.0,0.0,0.0,0.0,0.0,3100.0,3100.0,,-3100.0,-3100.0,3100.0,0.0,0.0,0.0,-3100.0,0.0,3100.0,-3100.0
08 - Division 08,08-530 - Window Installation,S - Subcontracts,08-530.S,Window Installation.Subcontracts,73200.0,0.0,73200.0,0.0,0.0,73200.0,20294.63,28219.75,48514.38,66.28,24685.62,24685.62,0.0,115903.77,48514.38,67389.39,-42703.77,67389.39,115903.77,-42703.77
08 - Division 08,08-610 - Skylights,L - Labor,08-610.L,Skylights.Labor,3960.0,0.0,3960.0,0.0,0.0,3960.0,1200.0,0.0,1200.0,30.3,2760.0,2760.0,1200.0,0.0,0.0,0.0,2760.0,2760.0,3960.0,0.0
08 - Division 08,08-610 - Skylights,M - Material,08-610.M,Skylights.Material,1500.0,0.0,1500.0,0.0,0.0,1500.0,0.0,0.0,0.0,0.0,1500.0,1500.0,0.0,0.0,0.0,0.0,1500.0,1500.0,1500.0,0.0
08 - Division 08,08-610 - Skylights,S - Subcontracts,08-610.S,Skylights.Subcontracts,61760.0,0.0,61760.0,0.0,0.0,61760.0,24218.5,12282.94,36501.44,59.1,25258.56,25258.56,0.0,52977.44,36501.44,16476.0,8782.56,25258.56,61760.0,0.0
08 - Division 08,08-710 - Door Hardware,L - Labor,08-710.L,Door Hardware.Labor,800.0,1200.0,43200.83,41200.83,0.0,43200.83,0.0,0.0,0.0,0.0,43200.83,43200.83,0.0,0.0,0.0,0.0,43200.83,43200.83,43200.83,0.0
08 - Division 08,08-710 - Door Hardware,M - Material,08-710.M,Door Hardware.Material,0.0,0.0,55000.0,55000.0,0.0,55000.0,52276.67,5626.92,57903.59,105.28,-2903.59,-2903.59,0.0,57903.59,57903.59,0.0,-2903.59,5626.92,63530.51,-8530.51
08 - Division 08,08-710 - Door Hardware,S - Subcontracts,08-710.S,Door Hardware.Subcontracts,90437.0,6640.43,876.6,-96200.83,0.0,876.6,876.6,0.0,876.6,100.0,0.0,0.0,0.0,5844.0,876.6,4967.4,-4967.4,4967.4,5844.0,-4967.4
08 - Division 08,08-810 - Interior Glazing,S - Subcontracts,08-810.S,Interior Glazing.Subcontracts,11760.0,0.0,11760.0,0.0,0.0,11760.0,0.0,0.0,0.0,0.0,11760.0,11760.0,0.0,0.0,0.0,0.0,11760.0,11760.0,11760.0,0.0
08 - Division 08,08-830 - Mirrors,S - Subcontracts,08-830.S,Mirrors.Subcontracts,27576.0,0.0,27576.0,0.0,0.0,27576.0,0.0,0.0,0.0,0.0,27576.0,27576.0,0.0,0.0,0.0,0.0,27576.0,27576.0,27576.0,0.0
08 - Division 08,08-845 - Shower Enclosures,S - Subcontracts,08-845.S,Shower Enclosures.Subcontracts,4968.0,0.0,4968.0,0.0,0.0,4968.0,0.0,0.0,0.0,0.0,4968.0,4968.0,0.0,0.0,0.0,0.0,4968.0,4968.0,4968.0,0.0
09 - Division 09,09-230 - Plaster,S - Subcontracts,09-230.S,Plaster.Subcontracts,87500.0,0.0,87500.0,0.0,0.0,87500.0,0.0,0.0,0.0,0.0,87500.0,87500.0,0.0,0.0,0.0,0.0,87500.0,87500.0,87500.0,0.0
09 - Division 09,09-290 - Gypsum Board,L - Labor,09-290.L,Gypsum Board.Labor,12000.0,0.0,12000.0,0.0,0.0,12000.0,800.0,2600.0,3400.0,28.33,8600.0,8600.0,3400.0,0.0,0.0,0.0,8600.0,8600.0,12000.0,0.0
09 - Division 09,09-290 - Gypsum Board,S - Subcontracts,09-290.S,Gypsum Board.Subcontracts,203953.0,29944.0,233897.0,0.0,0.0,233897.0,0.0,0.0,0.0,0.0,233897.0,233897.0,0.0,0.0,0.0,0.0,233897.0,233897.0,233897.0,0.0
09 - Division 09,09-310 - Tile,L - Labor,09-310.L,Tile.Labor,3200.0,0.0,3200.0,0.0,0.0,3200.0,0.0,0.0,0.0,0.0,3200.0,3200.0,0.0,0.0,0.0,0.0,3200.0,3200.0,3200.0,0.0
09 - Division 09,09-310 - Tile,M - Material,09-310.M,Tile.Material,13347.0,0.0,13347.0,0.0,0.0,13347.0,0.0,0.0,0.0,0.0,13347.0,13347.0,0.0,0.0,0.0,0.0,13347.0,13347.0,13347.0,0.0
09 - Division 09,09-310 - Tile,S - Subcontracts,09-310.S,Tile.Subcontracts,49300.0,26726.0,76026.0,0.0,0.0,76026.0,21239.0,0.0,21239.0,27.94,54787.0,54787.0,0.0,92429.0,21239.0,71190.0,-16403.0,54787.0,76026.0,0.0
09 - Division 09,09-510 - Stone Countertops,L - Labor,09-510.L,Stone Countertops.Labor,9600.0,0.0,0.0,-9600.0,0.0,0.0,0.0,0.0,0.0,,0.0,0.0,0.0,0.0,0.0,0.0,0.0,0.0,0.0,0.0
09 - Division 09,09-510 - Stone Countertops,M - Material,09-510.M,Stone Countertops.Material,118400.0,0.0,0.0,-118400.0,0.0,0.0,0.0,0.0,0.0,,0.0,0.0,0.0,0.0,0.0,0.0,0.0,0.0,0.0,0.0
09 - Division 09,09-510 - Stone Countertops,S - Subcontracts,09-510.S,Stone Countertops.Subcontracts,305127.0,0.0,433127.0,128000.0,154350.0,587477.0,104710.0,149611.5,254321.5,58.72,178805.5,333155.5,0.0,554601.0,254321.5,300279.5,32876.0,300279.5,554601.0,32876.0
09 - Division 09,09-610 - Epoxy/Fluid-Applied Floor,S - Subcontracts,09-610.S,Epoxy/Fluid-Applied Floor.Subcontracts,7020.0,0.0,7020.0,0.0,0.0,7020.0,0.0,0.0,0.0,0.0,7020.0,7020.0,0.0,0.0,0.0,0.0,7020.0,7020.0,7020.0,0.0
09 - Division 09,09-620 - Specialty Flooring,S - Subcontracts,09-620.S,Specialty Flooring.Subcontracts,8580.0,0.0,8580.0,0.0,0.0,8580.0,0.0,0.0,0.0,0.0,8580.0,8580.0,0.0,0.0,0.0,0.0,8580.0,8580.0,8580.0,0.0
09 - Division 09,09-640 - Wood Flooring,L - Labor,09-640.L,Wood Flooring.Labor,8000.0,0.0,8000.0,0.0,0.0,8000.0,0.0,0.0,0.0,0.0,8000.0,8000.0,0.0,0.0,0.0,0.0,8000.0,8000.0,8000.0,0.0
09 - Division 09,09-640 - Wood Flooring,S - Subcontracts,09-640.S,Wood Flooring.Subcontracts,330910.0,0.0,330910.0,0.0,16884.0,347794.0,187000.0,0.0,187000.0,56.51,143910.0,160794.0,0.0,330910.0,187000.0,143910.0,16884.0,160794.0,347794.0,0.0
09 - Division 09,09-910 - Interior Paint,L - Labor,09-910.L,Interior Paint.Labor,8000.0,0.0,8000.0,0.0,0.0,8000.0,0.0,0.0,0.0,0.0,8000.0,8000.0,0.0,0.0,0.0,0.0,8000.0,8000.0,8000.0,0.0
09 - Division 09,09-910 - Interior Paint,S - Subcontracts,09-910.S,Interior Paint.Subcontracts,159100.0,12854.0,171954.0,0.0,0.0,171954.0,20000.0,0.0,20000.0,11.63,151954.0,151954.0,0.0,166954.0,20000.0,146954.0,5000.0,151954.0,171954.0,0.0
09 - Division 09,09-920 - Exterior Paint,L - Labor,09-920.L,Exterior Paint.Labor,0.0,1920.0,1920.0,0.0,0.0,1920.0,0.0,0.0,0.0,0.0,1920.0,1920.0,0.0,0.0,0.0,0.0,1920.0,1920.0,1920.0,0.0
09 - Division 09,09-920 - Exterior Paint,M - Material,09-920.M,Exterior Paint.Material,0.0,500.0,500.0,0.0,0.0,500.0,0.0,0.0,0.0,0.0,500.0,500.0,0.0,0.0,0.0,0.0,500.0,500.0,500.0,0.0
09 - Division 09,09-920 - Exterior Paint,S - Subcontracts,09-920.S,Exterior Paint.Subcontracts,68200.0,8500.0,76700.0,0.0,0.0,76700.0,0.0,0.0,0.0,0.0,76700.0,76700.0,0.0,76700.0,0.0,76700.0,0.0,76700.0,76700.0,0.0
09 - Division 09,09-980 - Touch Up Allowance,S - Subcontracts,09-980.S,Touch Up Allowance.Subcontracts,9000.0,0.0,9000.0,0.0,0.0,9000.0,0.0,0.0,0.0,0.0,9000.0,9000.0,0.0,0.0,0.0,0.0,9000.0,9000.0,9000.0,0.0
10 - Division 10,10-250 - Accessories,S - Subcontracts,10-250.S,Accessories.Subcontracts,38376.0,0.0,38376.0,0.0,0.0,38376.0,20762.0,0.0,20762.0,54.1,17614.0,17614.0,0.0,20762.0,20762.0,0.0,17614.0,17614.0,38376.0,0.0
10 - Division 10,10-310 - Manufactured Fireplaces,S - Subcontracts,10-310.S,Manufactured Fireplaces.Subcontracts,68735.0,0.0,68735.0,0.0,0.0,68735.0,35864.51,5028.84,40893.35,59.49,27841.65,27841.65,0.0,74827.63,40893.35,33934.28,-6092.63,33934.28,74827.63,-6092.63
11 - Division 11,11-320 - Appliance Installation,S - Subcontracts,11-320.S,Appliance Installation.Subcontracts,7500.0,0.0,7500.0,0.0,0.0,7500.0,0.0,0.0,0.0,0.0,7500.0,7500.0,0.0,0.0,0.0,0.0,7500.0,7500.0,7500.0,0.0
12 - Division 12,12-240 - Motorized Window Shades,L - Labor,12-240.L,Motorized Window Shades.Labor,8000.0,0.0,8000.0,0.0,0.0,8000.0,0.0,0.0,0.0,0.0,8000.0,8000.0,0.0,0.0,0.0,0.0,8000.0,8000.0,8000.0,0.0
12 - Division 12,12-240 - Motorized Window Shades,S - Subcontracts,12-240.S,Motorized Window Shades.Subcontracts,31265.0,0.0,31265.0,0.0,0.0,31265.0,0.0,0.0,0.0,0.0,31265.0,31265.0,0.0,32611.53,0.0,32611.53,-1346.53,32611.53,32611.53,-1346.53
13 - Division 13,"13-120 - Spa, Hot Tub, Sauna",M - Material,13-120.M,"Spa, Hot Tub, Sauna.Material",20000.0,15649.0,35649.0,0.0,0.0,35649.0,0.0,0.0,0.0,0.0,35649.0,35649.0,0.0,0.0,0.0,0.0,35649.0,35649.0,35649.0,0.0
13 - Division 13,"13-120 - Spa, Hot Tub, Sauna",S - Subcontracts,13-120.S,"Spa, Hot Tub, Sauna.Subcontracts",17500.0,20715.0,38215.0,0.0,0.0,38215.0,0.0,0.0,0.0,0.0,38215.0,38215.0,-1882.4,1882.4,1882.4,0.0,38215.0,38215.0,38215.0,0.0
15 - Division 15,15-110 - Rough Plumbing,L - Labor,15-110.L,Rough Plumbing.Labor,12000.0,0.0,12000.0,0.0,0.0,12000.0,5200.0,0.0,5200.0,43.33,6800.0,6800.0,5200.0,0.0,0.0,0.0,6800.0,6800.0,12000.0,0.0
15 - Division 15,15-110 - Rough Plumbing,S - Subcontracts,15-110.S,Rough Plumbing.Subcontracts,282026.0,0.0,282026.0,0.0,0.0,282026.0,194367.68,0.0,194367.68,68.92,87658.32,87658.32,-33154.42,282026.0,227522.1,54503.9,33154.42,87658.32,282026.0,0.0
15 - Division 15,15-130 - Sanitary Sewer,S - Subcontracts,15-130.S,Sanitary Sewer.Subcontracts,2910.0,0.0,2910.0,0.0,0.0,2910.0,0.0,0.0,0.0,0.0,2910.0,2910.0,0.0,0.0,0.0,0.0,2910.0,2910.0,2910.0,0.0
15 - Division 15,15-150 - Water Service,S - Subcontracts,15-150.S,Water Service.Subcontracts,6500.0,0.0,6500.0,0.0,0.0,6500.0,1950.0,0.0,1950.0,30.0,4550.0,4550.0,0.0,6500.0,1950.0,4550.0,0.0,4550.0,6500.0,0.0
15 - Division 15,15-310 - Pumps,O - Other,15-310.O,Pumps.Other,0.0,0.0,0.0,0.0,0.0,0.0,1500.0,0.0,1500.0,,-1500.0,-1500.0,1500.0,0.0,0.0,0.0,-1500.0,0.0,1500.0,-1500.0
15 - Division 15,15-310 - Pumps,S - Subcontracts,15-310.S,Pumps.Subcontracts,22000.0,0.0,22000.0,0.0,0.0,22000.0,47452.73,0.0,47452.73,215.69,-25452.73,-25452.73,0.0,47452.75,47452.73,0.02,-25452.75,0.0,47452.73,-25452.73
15 - Division 15,15-320 - Dmstc Water Trtmnt/Filter,S - Subcontracts,15-320.S,Dmstc Water Trtmnt/Filter.Subcontracts,30000.0,0.0,30000.0,0.0,0.0,30000.0,0.0,0.0,0.0,0.0,30000.0,30000.0,0.0,0.0,0.0,0.0,30000.0,30000.0,30000.0,0.0
15 - Division 15,15-410 - Plumbing Fixtures,S - Subcontracts,15-410.S,Plumbing Fixtures.Subcontracts,155457.0,2179.0,157636.0,0.0,0.0,157636.0,148483.0,0.0,148483.0,94.19,9153.0,9153.0,1656.0,153306.0,146827.0,6479.0,2674.0,9153.0,157636.0,0.0
15 - Division 15,15-630 - Radiant Heating,L - Labor,15-630.L,Radiant Heating.Labor,8000.0,0.0,8000.0,0.0,0.0,8000.0,0.0,0.0,0.0,0.0,8000.0,8000.0,0.0,0.0,0.0,0.0,8000.0,8000.0,8000.0,0.0
15 - Division 15,15-630 - Radiant Heating,S - Subcontracts,15-630.S,Radiant Heating.Subcontracts,233856.0,0.0,233856.0,0.0,0.0,233856.0,65000.0,75000.0,140000.0,59.87,93856.0,93856.0,0.0,235368.0,140000.0,95368.0,-1512.0,95368.0,235368.0,-1512.0
15 - Division 15,15-650 - Air Conditioning,L - Labor,15-650.L,Air Conditioning.Labor,10000.0,0.0,10000.0,0.0,0.0,10000.0,5600.0,3400.0,9000.0,90.0,1000.0,1000.0,9000.0,0.0,0.0,0.0,1000.0,1000.0,10000.0,0.0
15 - Division 15,15-650 - Air Conditioning,O - Other,15-650.O,Air Conditioning.Other,0.0,0.0,0.0,0.0,0.0,0.0,14840.0,0.0,14840.0,,-14840.0,-14840.0,14840.0,0.0,0.0,0.0,-14840.0,0.0,14840.0,-14840.0
15 - Division 15,15-650 - Air Conditioning,S - Subcontracts,15-650.S,Air Conditioning.Subcontracts,284000.0,13481.74,297481.74,0.0,0.0,297481.74,160800.0,0.0,160800.0,54.05,136681.74,136681.74,-14893.82,328099.02,175693.82,152405.2,-15723.46,167299.02,328099.02,-30617.28
15 - Division 15,15-810 - Fire Protection/Sprinkler,S - Subcontracts,15-810.S,Fire Protection/Sprinkler.Subcontracts,63900.0,0.0,63900.0,0.0,0.0,63900.0,5600.0,0.0,5600.0,8.76,58300.0,58300.0,0.0,64500.0,5600.0,58900.0,-600.0,58900.0,64500.0,-600.0
16 - Division 16,16-110 - Rough Electr Distribution,L - Labor,16-110.L,Rough Electr Distribution.Labor,12000.0,15960.32,12000.0,-15960.32,0.0,12000.0,8000.0,2800.0,10800.0,90.0,1200.0,1200.0,10800.0,0.0,0.0,0.0,1200.0,1200.0,12000.0,0.0
16 - Division 16,16-110 - Rough Electr Distribution,S - Subcontracts,16-110.S,Rough Electr Distribution.Subcontracts,203406.0,519.0,219885.32,15960.32,-2246.89,217638.43,10000.0,0.0,10000.0,4.55,209885.32,207638.43,0.0,219885.32,10000.0,209885.32,-2246.89,209885.32,219885.32,-2246.89
16 - Division 16,16-310 - Electr Util Serv/Subpanel,S - Subcontracts,16-310.S,Electr Util Serv/Subpanel.Subcontracts,10147.0,578.84,10725.84,0.0,0.0,10725.84,0.0,0.0,0.0,0.0,10725.84,10725.84,0.0,10725.84,0.0,10725.84,0.0,10725.84,10725.84,0.0
16 - Division 16,16-410 - Temp Power / Service,S - Subcontracts,16-410.S,Temp Power / Service.Subcontracts,4500.0,0.0,4500.0,0.0,0.0,4500.0,5310.97,0.0,5310.97,118.02,-810.97,-810.97,0.0,5310.97,5310.97,0.0,-810.97,0.0,5310.97,-810.97
16 - Division 16,16-510 - Light Fixtures,S - Subcontracts,16-510.S,Light Fixtures.Subcontracts,128515.0,2358.82,130873.82,0.0,0.0,130873.82,66093.94,0.0,66093.94,50.5,64779.88,64779.88,0.0,124180.11,66093.94,58086.17,6693.71,64779.88,130873.82,0.0
16 - Division 16,16-570 - Lighting & Home Controls,L - Labor,16-570.L,Lighting & Home Controls.Labor,8000.0,0.0,8000.0,0.0,0.0,8000.0,0.0,0.0,0.0,0.0,8000.0,8000.0,0.0,0.0,0.0,0.0,8000.0,8000.0,8000.0,0.0
16 - Division 16,16-570 - Lighting & Home Controls,S - Subcontracts,16-570.S,Lighting & Home Controls.Subcontracts,79670.0,4251.51,83921.51,0.0,0.0,83921.51,2700.0,6407.31,9107.31,10.85,74814.2,74814.2,0.0,164011.8,9107.31,154904.49,-80090.29,154904.0,164011.31,-80089.8
16 - Division 16,16-590 - Site & Landscape Lighting,S - Subcontracts,16-590.S,Site & Landscape Lighting.Subcontracts,45700.0,0.0,45700.0,0.0,0.0,45700.0,0.0,0.0,0.0,0.0,45700.0,45700.0,0.0,0.0,0.0,0.0,45700.0,45700.0,45700.0,0.0
16 - Division 16,16-670 - Solar Electric/PV System,S - Subcontracts,16-670.S,Solar Electric/PV System.Subcontracts,5000.0,0.0,5000.0,0.0,0.0,5000.0,0.0,0.0,0.0,0.0,5000.0,5000.0,0.0,0.0,0.0,0.0,5000.0,5000.0,5000.0,0.0
16 - Division 16,16-710 - Communications Cabling,S - Subcontracts,16-710.S,Communications Cabling.Subcontracts,7975.0,0.0,7975.0,0.0,0.0,7975.0,0.0,0.0,0.0,0.0,7975.0,7975.0,0.0,11507.55,0.0,11507.55,-3532.55,11507.55,11507.55,-3532.55
16 - Division 16,16-720 - Data Systems & Equipment,S - Subcontracts,16-720.S,Data Systems & Equipment.Subcontracts,14465.0,0.0,14465.0,0.0,0.0,14465.0,0.0,0.0,0.0,0.0,14465.0,14465.0,0.0,10776.9,0.0,10776.9,3688.1,14465.0,14465.0,0.0
16 - Division 16,16-730 - Voice Systems & Equipment,S - Subcontracts,16-730.S,Voice Systems & Equipment.Subcontracts,14699.0,0.0,14699.0,0.0,0.0,14699.0,0.0,0.0,0.0,0.0,14699.0,14699.0,0.0,9496.57,0.0,9496.57,5202.43,14699.0,14699.0,0.0
16 - Division 16,16-740 - Audio/Video Syst & Equipm,S - Subcontracts,16-740.S,Audio/Video Syst & Equipm.Subcontracts,67274.5,0.0,67274.5,0.0,0.0,67274.5,0.0,0.0,0.0,0.0,67274.5,67274.5,0.0,123155.55,0.0,123155.55,-55881.05,123155.55,123155.55,-55881.05
16 - Division 16,16-810 - Electronic Access,S - Subcontracts,16-810.S,Electronic Access.Subcontracts,7563.0,0.0,7563.0,0.0,0.0,7563.0,0.0,0.0,0.0,0.0,7563.0,7563.0,0.0,3927.24,0.0,3927.24,3635.76,7563.0,7563.0,0.0
16 - Division 16,16-820 - Cameras / Surveillance,S - Subcontracts,16-820.S,Cameras / Surveillance.Subcontracts,8374.0,0.0,8374.0,0.0,0.0,8374.0,0.0,0.0,0.0,0.0,8374.0,8374.0,0.0,7010.66,0.0,7010.66,1363.34,8374.0,8374.0,0.0
16 - Division 16,16-830 - Detection / Alarm,S - Subcontracts,16-830.S,Detection / Alarm.Subcontracts,5952.0,0.0,5952.0,0.0,0.0,5952.0,0.0,0.0,0.0,0.0,5952.0,5952.0,0.0,5952.0,0.0,5952.0,0.0,5952.0,5952.0,0.0
18 - Division 18,18-110 - Builder's Contingency,O - Other,18-110.O,Builder's Contingency.Other,806157.06,39762.4,845919.46,0.0,24225.9,870145.36,0.0,0.0,0.0,0.0,845919.46,870145.36,0.0,0.0,0.0,0.0,870145.36,870145.36,870145.36,0.0
19 - Division 19,19-110 - General Liability,O - Other,19-110.O,General Liability.Other,194122.62,13005.65,207128.27,0.0,5833.6,212961.87,75978.57,8971.29,84949.86,41.01,122178.41,128012.01,84949.86,0.0,0.0,0.0,128012.01,128012.01,212961.87,0.0
20 - Division 20,20-110 - Builder's Fee,O - Other,20-110.O,Builder's Fee.Other,1386590.14,92897.52,1479487.66,0.0,41668.54,1521156.2,542704.1,64080.63,606784.73,41.01,872702.93,914371.47,606784.73,0.0,0.0,0.0,914371.47,914371.47,1521156.2,0.0
99 - Division 99,99-999 - Non-Billable Job Costs,L - Labor,99-999.L,Non-Billable Job Costs.Labor,0.0,0.0,0.0,0.0,0.0,0.0,0.0,0.0,0.0,,0.0,0.0,0.0,0.0,0.0,0.0,0.0,0.0,0.0,0.0
99 - Division 99,99-999 - Non-Billable Job Costs,O - Other,99-999.O,Non-Billable Job Costs.Other,0.0,0.0,0.0,0.0,0.0,0.0,0.0,0.0,0.0,,0.0,0.0,0.0,0.0,0.0,0.0,0.0,0.0,0.0,0.0
